Question,Answer,generated_answer
What is Diabetic Macular Edema (DME)?,"Diabetic Macular Edema (DME) is the swelling of the macula, the central part of the retina, caused by fluid leakage due to diabetes. This can lead to blurry vision and vision loss.","Diabetic Macular Edema (DME) is swelling in the macula, the central part of the retina, caused by leaky blood vessels due to diabetes. It can lead to blurry vision and vision loss."
How does high blood sugar lead to DME?,"High blood sugar damages blood vessels in the retina, making them leaky. This fluid leakage into the macula causes swelling, resulting in DME.","High blood sugar damages retinal blood vessels, making them leaky. This fluid leakage into the macula causes swelling, leading to DME."
Who is at risk of developing DME?,"Diabetic patients, especially those with poorly controlled blood sugar, are more likely to develop DME.","Diabetic patients, especially those with poorly controlled blood sugar, are at increased risk of developing DME."
What are the types of DME?,"DME can be classified as focal, with localized leakage, or diffuse, involving widespread swelling due to extensive leakage.","Diabetic Macular Edema (DME) can be either focal or diffuse, depending on the extent of leakage and swelling in the macula."
How is DME diagnosed?,"Diagnosis involves a comprehensive eye exam, OCT imaging to measure macular thickness, and fluorescein angiography to identify leaking blood vessels.","DME is diagnosed through a comprehensive eye exam, OCT imaging to measure macular thickness, and fluorescein angiography to detect blood vessel leakage."
Can DME affect both type 1 and type 2 diabetes patients?,"Yes, patients with either type 1 or type 2 diabetes can develop DME, particularly if blood sugar levels are not well-controlled.","Yes, both type 1 and type 2 diabetes patients are at risk for developing DME."
What are the main symptoms of DME?,"The main symptoms of DME include blurry central vision, distorted vision, trouble seeing at night, and dark spots in the central visual field.","DME symptoms include blurry central vision, distorted vision, difficulty seeing at night, and dark spots in the central field of vision."
Is DME reversible?,"DME treatment can reduce swelling and slow vision loss, though complete vision recovery is not always possible.","DME is often treatable, but complete reversal is not always possible. Early detection and treatment can help slow or stop vision loss."
What are the treatment options for DME?,"DME can be treated with anti-VEGF injections, corticosteroids, laser therapy, or vitrectomy surgery in severe cases.","DME is treated with anti-VEGF injections, corticosteroids, laser therapy, and in severe cases, vitrectomy surgery."
How do anti-VEGF injections work?,"Anti-VEGF injections work by blocking a protein that causes leaky retinal blood vessels, helping to reduce fluid buildup and swelling.","Anti-VEGF injections block a protein that causes leaky blood vessels in the retina, reducing fluid buildup and swelling."
What are corticosteroid injections for DME?,"Corticosteroid injections reduce inflammation in the retina, which helps to decrease swelling and improve vision over time.","Corticosteroid injections for DME reduce inflammation in the retina, helping to decrease swelling and improve vision."
How does laser photocoagulation treat DME?,"Laser photocoagulation targets leaky retinal blood vessels and seals them to reduce leakage and swelling.","Laser photocoagulation targets leaky blood vessels in the retina, sealing them to reduce fluid leakage and swelling."
When is vitrectomy surgery considered for DME?,"Vitrectomy surgery may be used in severe DME cases, especially if complications like retinal detachment arise.","Vitrectomy surgery for DME is considered when other treatments fail, or if complications like retinal detachment occur."
Can lifestyle changes help prevent DME?,"Yes, lifestyle changes such as controlling blood sugar, blood pressure, and cholesterol can help reduce the risk of DME.","Yes, lifestyle changes can significantly reduce your risk of developing DME."
What dietary changes help in managing DME?,"A diet rich in low-glycemic foods, antioxidants, and omega-3 fatty acids can help control blood sugar and reduce inflammation.","Focus on low-glycemic index foods, antioxidant-rich foods, and omega-3 fatty acids. Limit processed foods and sugars, and stay hydrated."
Can DME lead to permanent vision loss?,"If untreated, DME can cause permanent vision damage due to chronic macular swelling.","Yes, DME can cause permanent vision loss if left untreated."
How often should I get my eyes checked if I have DME?,"Eye exams are recommended every 3 to 6 months to monitor DME and adjust treatment as needed.","You should have eye exams every 3 to 6 months to monitor DME progression."
Is DME common among diabetic patients?,"Yes, DME is a common complication among diabetic patients, especially those with long-term diabetes.","Yes, DME is a common complication of diabetic retinopathy, affecting many diabetic patients."
How long does it take for DME to affect vision?,"DME can affect vision gradually, sometimes over months or years, depending on how well blood sugar and other factors are controlled.","DME can affect vision gradually, sometimes over months or years, depending on the severity and individual factors."
Are there any home monitoring methods for DME?,"Yes, patients can monitor for changes in vision, such as blurriness or dark spots, and report them to their doctor.","Yes, monitor your vision for any changes like blurriness, dark spots, or difficulty focusing. Report any changes to your doctor promptly."
Can DME improve with better blood sugar control?,"Yes, maintaining stable blood sugar levels can slow DME progression and improve treatment outcomes.","Yes, better blood sugar control can slow or even stop DME progression."
What are low vision aids for DME patients?,"Low vision aids such as magnifying glasses, specialized reading devices, and screen magnifiers can assist DME patients in daily tasks.","Low vision aids for DME patients include magnifying glasses, specialized reading devices, and screen magnifiers to help with daily activities."
Should I quit smoking to help with DME?,"Yes, quitting smoking can help, as it reduces oxidative stress and blood vessel damage, which worsens DME.","Yes, quitting smoking is recommended, as it reduces oxidative stress and blood vessel damage, which can worsen DME."
Is DME painful?,"DME itself is not usually painful, though sudden vision changes should be checked by a doctor.","DME itself is not usually painful."
Can DME progress after treatment?,"Yes, DME may progress or recur even after treatment, so regular monitoring is essential.","Yes, DME can progress even after treatment. Regular monitoring and follow-up appointments are crucial to detect any changes and adjust treatment accordingly."
Is there a cure for DME?,"Currently, there is no cure, but treatments can effectively manage DME and prevent further vision loss.","Currently, there is no cure for DME, but treatments can effectively manage the condition and prevent further vision loss."
