,Question,Answer,generated_answer
0,What is Drusen?,Drusen are deposits of waste material that build up between the retina and the layer beneath it often related to aging.,"Drusen are small, yellow deposits that form under the retina, often associated with aging. They are composed of cellular waste material and can be harmless in small amounts. However, larger or numerous drusen can be an early sign of age-related macular degeneration (AMD). 
"
1,Are all Drusen the same?,No there are two types. Hard drusen are small and less likely to impact vision while soft drusen are larger and may increase the risk of age-related macular degeneration (AMD).,"No, Drusen are not all the same. They come in two main types: hard and soft. Hard Drusen are small, well-defined, and usually harmless. Soft Drusen are larger, less defined, and associated with a higher risk of developing age-related macular degeneration (AMD). 
"
2,What causes Drusen to form?,Drusen forms when waste from retinal cells accumulates. Age genetics and lifestyle factors can all play a role.,"The exact cause of drusen formation is not fully understood, but it's linked to aging and the body's inability to clear cellular waste from the retina. As retinal cells break down, they leave behind lipids and proteins that accumulate between the retina and the retinal pigment epithelium (RPE).  Genetic factors, age, and environmental factors can also contribute to their development. 
"
3,Can Drusen affect my vision?,In small amounts it usually doesn’t. However if drusen are large or numerous they could lead to AMD which can impact vision.,"While small drusen usually don't affect vision, larger or numerous drusen can be a sign of age-related macular degeneration (AMD), which can lead to vision loss. Regular eye exams are crucial to monitor any changes and detect AMD early. 
"
4,Is Drusen a sign of macular degeneration?,Drusen can be an early sign of AMD especially if soft drusen are present. AMD may lead to vision issues if it progresses.,"Yes, Drusen can be a sign of age-related macular degeneration (AMD), especially if they are large, numerous, or soft. However, not all Drusen lead to AMD. Regular eye exams are crucial to monitor any changes and detect early signs of AMD. 
"
5,How do doctors diagnose Drusen?,We use a dilated eye exam OCT scans or sometimes angiography to look at the retina and identify any drusen.,"Doctors diagnose drusen through a dilated eye exam, where they use a specialized tool to view the retina and look for yellow spots.  Optical Coherence Tomography (OCT) scans provide detailed images of the retina's layers, allowing for precise identification and assessment of drusen size and type. 
"
6,Can I prevent Drusen from forming?,While drusen formation is often age-related healthy habits like not smoking and eating a nutritious diet may help slow progression.,"While we can't completely prevent Drusen formation, adopting a healthy lifestyle can significantly reduce your risk. This includes a balanced diet rich in antioxidants and omega-3 fatty acids, regular exercise, maintaining healthy blood pressure and cholesterol levels, and avoiding smoking. 
"
7,Who is more likely to develop Drusen?,Those over 50 people with a family history of AMD smokers and those with high cholesterol have a higher risk.,"People over 50 years old, those with a family history of AMD, and Caucasians are at a higher risk for developing drusen.  Lifestyle factors like smoking, high-fat diets, and lack of exercise also increase the risk. 
"
8,Is there a treatment to remove Drusen?,There isn’t a direct treatment for drusen itself but regular monitoring and lifestyle changes can help manage associated risks.,"Currently, there is no treatment to directly remove drusen. However, managing risk factors like smoking and maintaining a healthy lifestyle can help prevent further accumulation.  Regular eye exams are crucial to monitor any changes and detect early signs of AMD. 
"
9,What lifestyle changes should I make?,Eating leafy greens quitting smoking and wearing UV-protective sunglasses can help protect your eyes.,"To reduce your risk of developing advanced AMD, focus on a balanced diet rich in leafy greens, omega-3 fatty acids, and nuts. Quit smoking, wear UV-protective sunglasses, and manage blood pressure and cholesterol levels. Regular exercise also benefits eye health. 
"
10,What’s the difference between hard and soft Drusen?,Hard drusen are small and usually harmless while soft drusen are larger and can be a risk factor for AMD.,"Hard drusen are small, well-defined, and round, appearing as distinct yellow dots. They are common with age and usually don't affect vision. Soft drusen are larger, less defined, and tend to cluster. They are associated with a higher risk of developing advanced AMD. 
"
11,Will Drusen make me go blind?,Drusen alone doesn’t cause blindness but it can progress to AMD which can lead to vision loss if untreated.,"Drusen themselves don't cause blindness. However, large or numerous drusen can be an early sign of age-related macular degeneration (AMD), which can progress to vision loss. Regular eye exams are crucial to monitor any changes and receive appropriate treatment if needed. 
"
12,Is Drusen common as we age?,Yes drusen is a common finding in people over 50 and tends to increase with age.,"Yes, Drusen are common as we age, especially after 50. They are yellow deposits that form under the retina and are often harmless in small amounts. However, larger or numerous Drusen can be a sign of age-related macular degeneration (AMD). 
"
13,Can supplements help with Drusen?,The AREDS2 supplement formula which includes antioxidants and zinc may help slow AMD progression in people with drusen.,"Yes, certain supplements, like the AREDS2 formula, have been shown to reduce the risk of age-related macular degeneration (AMD) progression, especially for individuals with intermediate drusen or AMD.  It's important to consult with your ophthalmologist to determine if supplements are right for you. 
"
14,What should I do if I have Drusen?,Regular eye exams and lifestyle changes plus supplements if recommended are key.,"If you have Drusen, regular eye exams are crucial to monitor any changes. Your doctor may recommend AREDS2 supplements to reduce the risk of progression to AMD.  It's also important to adopt a healthy lifestyle, including a balanced diet, regular exercise, and quitting smoking. 
"
15,How can I monitor Drusen at home?,You can use an Amsler grid to check for any changes in your vision and detect early signs of AMD.,"You can monitor your drusen at home using an Amsler grid. This simple tool helps detect any changes in your central vision, which could indicate progression of drusen to age-related macular degeneration (AMD).  Regularly check the grid for any distortions or missing areas. 
"
16,How often should I see an eye specialist?,If you have drusen an exam every 6-12 months is ideal to monitor for any changes.,"If you have drusen, regular eye exams are crucial to monitor any changes.  Most ophthalmologists recommend visits every 6-12 months, but your doctor will advise based on your individual case. 
"
17,What foods can help my eye health?,Leafy greens fish with omega-3s and nuts are good for retinal health and may help reduce AMD risk.,"A diet rich in leafy greens like spinach and kale, omega-3 fatty acids from fish like salmon and mackerel, and nuts and seeds like walnuts and almonds can benefit your eye health. These foods provide antioxidants and nutrients that protect the retina. 
"
18,Does having Drusen mean I will get AMD?,Not necessarily. Many people with drusen don’t develop AMD though it does increase the risk.,"Having drusen doesn't automatically mean you'll develop AMD. While drusen are a risk factor, many people with drusen never progress to AMD. Regular eye exams are crucial to monitor any changes in drusen size or number, which can help identify early signs of AMD and allow for timely intervention. 
"
19,Can lifestyle changes make Drusen go away?,Lifestyle changes may not remove drusen but they can help slow progression and lower AMD risk.,"Lifestyle changes can't make Drusen disappear, but they can help slow their progression and reduce the risk of developing advanced AMD.  A healthy diet, regular exercise, and quitting smoking are crucial for maintaining eye health. 
"
20,Is Drusen hereditary?,Genetics do play a role. A family history of AMD may increase the likelihood of developing drusen.,"While Drusen are not directly inherited, a family history of age-related macular degeneration (AMD) increases the risk of developing Drusen, especially the type associated with a higher risk of vision loss. 
"
21,Does stress or high blood pressure affect Drusen?,Managing blood pressure can support eye health though direct links with drusen are less clear.,"While stress itself doesn't directly cause drusen, high blood pressure is a risk factor for developing drusen and age-related macular degeneration (AMD). Managing blood pressure through lifestyle changes and medication can help reduce the risk of drusen progression. 
"
22,Is it okay to exercise if I have Drusen?,Yes regular exercise is beneficial for overall health including eye health.,"Yes, exercise is generally safe and beneficial for people with drusen. Regular physical activity can help manage blood pressure and cholesterol, which are important factors in reducing the risk of AMD progression. 
"
23,What are antioxidants and why are they helpful?,Antioxidants protect retinal cells from damage which may help reduce AMD progression.,"Antioxidants are substances that protect cells from damage caused by free radicals, which are unstable molecules that can harm tissues.  Antioxidants found in foods like leafy greens, berries, and nuts help protect the retina from oxidative stress, which can contribute to drusen formation and age-related macular degeneration (AMD). 
"
24,Should I wear sunglasses regularly?,Yes wearing UV-blocking sunglasses protects your eyes from sunlight which can reduce additional retinal damage.,"Yes, wearing sunglasses with 100% UVA and UVB protection is highly recommended, especially if you have drusen.  UV exposure can accelerate retinal aging and increase the risk of developing age-related macular degeneration (AMD). 
"
